airbnb_id,city,name,latitude,longitude,price,rating_overall,reviews_count,rating_stars,rating_accuracy,rating_communication,rating_cleanliness,rating_location,rating_checkin,rating_value,response_rate,response_time,acceptance_rate,room_type,bedrooms,beds,bathrooms,person_capacity,host_name,host_since,is_superhost,host_verified,url,data_source,last_review_date,availability_30,availability_60,availability_90,minimum_nights,maximum_nights
arles_000001,Arles,Spacieux studio à Arles,43.64818,4.546835,61,4.68,41,4.7,4.59,4.63,4.54,4.71,4.98,4.37,90,moins de 12 heures,97,Logement entier,5,1,1.4,4,Host_73350,2023,False,True,https://www.airbnb.fr/rooms/arles_000001,detailed_ratings,2023-07-05,9,52,77,3,193
arles_000002,Arles,Chambre confortable proche proche commerces Arles,43.655089,4.561511,134,4.51,195,4.5,4.58,4.58,4.46,4.88,4.77,4.23,100,moins d une heure,100,Chambre privée,1,5,1.3,9,Host_67177,2022,True,False,https://www.airbnb.fr/rooms/arles_000002,detailed_ratings,2024-12-23,13,34,26,4,329
arles_000003,Arles,Lumineux chambre à Arles,43.645726,4.652412,141,4.6,201,4.6,4.65,4.64,4.54,4.78,4.6,4.34,99,moins de 12 heures,96,Chambre partagée,3,3,2.6,9,Host_69287,2017,False,True,https://www.airbnb.fr/rooms/arles_000003,detailed_ratings,2023-06-04,6,8,34,6,288
arles_000004,Arles,Typique appartement à Arles,43.72841,4.546624,82,4.61,282,4.6,4.59,4.71,4.49,4.95,4.84,4.27,91,moins de 12 heures,91,Logement entier,1,2,2.8,9,Host_93815,2015,False,True,https://www.airbnb.fr/rooms/arles_000004,detailed_ratings,2022-03-02,21,24,73,5,203
arles_000005,Arles,Hébergement chez l'habitant - Arles proche gare,43.595133,4.5535,133,4.37,216,4.4,4.46,4.46,4.08,4.77,4.54,4.12,91,moins d une heure,91,Chambre privée,1,2,2.7,2,Host_31059,2019,True,True,https://www.airbnb.fr/rooms/arles_000005,detailed_ratings,2022-02-16,0,17,74,7,79
arles_000006,Arles,Chambre confortable proche centre-ville Arles,43.602877,4.532121,75,4.49,107,4.5,4.5,4.47,4.32,4.79,4.51,4.27,94,moins de 12 heures,92,Chambre privée,3,6,1.9,3,Host_68481,2019,True,True,https://www.airbnb.fr/rooms/arles_000006,detailed_ratings,2022-07-23,22,44,68,3,263
arles_000007,Arles,Calme chambre à Arles,43.726324,4.533441,106,4.37,226,4.4,4.56,4.57,4.18,4.4,4.41,4.25,92,quelques heures,88,Chambre privée,5,3,2.3,2,Host_16713,2014,True,False,https://www.airbnb.fr/rooms/arles_000007,detailed_ratings,2024-05-09,19,51,21,3,136
arles_000008,Arles,Lumineux chambre à Arles,43.61705,4.571304,40,4.56,239,4.6,4.53,4.73,4.28,4.71,4.84,4.55,96,moins de 12 heures,82,Chambre privée,3,2,1.1,4,Host_10474,2015,True,True,https://www.airbnb.fr/rooms/arles_000008,detailed_ratings,2024-01-20,10,12,31,2,246
arles_000009,Arles,Spacieux chambre à Arles,43.747101,4.529929,93,4.6,57,4.6,4.7,4.8,4.4,4.84,4.59,4.34,91,moins d une heure,82,Chambre privée,4,2,2.1,9,Host_60235,2012,True,True,https://www.airbnb.fr/rooms/arles_000009,detailed_ratings,2024-03-27,21,33,6,6,242
arles_000010,Arles,Moderne maison proche monuments,43.683382,4.642151,33,4.43,38,4.4,4.42,4.49,4.54,4.5,4.67,4.44,93,moins d une heure,83,Logement entier,3,6,3.0,9,Host_70937,2016,True,True,https://www.airbnb.fr/rooms/arles_000010,detailed_ratings,2022-01-02,21,47,50,4,163
arles_000011,Arles,Hébergement entier - Arles quartier historique,43.672582,4.699096,133,4.51,163,4.5,4.55,4.41,4.67,4.81,4.65,4.52,99,moins de 12 heures,92,Logement entier,2,6,1.8,9,Host_57880,2023,False,True,https://www.airbnb.fr/rooms/arles_000011,detailed_ratings,2023-06-01,20,25,34,4,139
arles_000012,Arles,Magnifique chambre à Arles,43.657007,4.572193,57,4.46,175,4.5,4.63,4.49,4.4,4.49,4.55,4.36,100,quelques heures,81,Chambre privée,3,5,2.3,9,Host_20568,2017,True,True,https://www.airbnb.fr/rooms/arles_000012,detailed_ratings,2022-05-21,5,47,76,3,262
arles_000013,Arles,Loft entier au cœur de Arles,43.618362,4.695462,103,4.67,57,4.7,4.84,4.91,4.67,4.94,4.61,4.29,87,moins d une heure,81,Logement entier,4,2,1.6,8,Host_9663,2021,True,True,https://www.airbnb.fr/rooms/arles_000013,detailed_ratings,2024-10-18,3,13,4,6,143
arles_000014,Arles,Cosy loft à Arles,43.658583,4.590559,139,4.38,44,4.4,4.41,4.58,4.21,4.62,4.67,4.02,97,moins de 12 heures,93,Logement entier,4,2,1.9,4,Host_8158,2022,False,True,https://www.airbnb.fr/rooms/arles_000014,detailed_ratings,2022-06-23,12,52,59,7,168
arles_000015,Arles,Pied-à-terre entier au cœur de Arles,43.715486,4.612051,72,4.72,160,4.7,4.89,4.94,4.53,4.81,4.84,4.68,91,quelques heures,80,Logement entier,3,3,1.0,7,Host_83410,2020,False,True,https://www.airbnb.fr/rooms/arles_000015,detailed_ratings,2022-09-04,0,10,38,7,299
arles_000016,Arles,Studio entier au cœur de Arles,43.652709,4.703836,63,4.66,56,4.7,4.65,4.79,4.38,4.88,4.89,4.66,96,moins de 12 heures,97,Logement entier,1,1,2.8,3,Host_93920,2023,True,True,https://www.airbnb.fr/rooms/arles_000016,detailed_ratings,2024-04-19,27,5,31,6,346
arles_000017,Arles,Chambre confortable proche proche gare Arles,43.70344,4.538754,55,4.5,270,4.5,4.42,4.69,4.68,4.62,4.64,4.57,87,moins d une heure,81,Chambre privée,2,5,1.7,7,Host_59165,2015,True,True,https://www.airbnb.fr/rooms/arles_000017,detailed_ratings,2023-09-14,9,30,41,2,139
arles_000018,Arles,Hébergement entier - Arles quartier animé,43.719593,4.594182,123,4.46,35,4.5,4.45,4.75,4.54,4.5,4.53,4.51,86,moins de 12 heures,81,Logement entier,5,4,2.8,4,Host_99082,2012,False,True,https://www.airbnb.fr/rooms/arles_000018,detailed_ratings,2022-07-28,11,29,46,2,108
arles_000019,Arles,Hébergement entier - Arles zone calme,43.763926,4.538001,83,4.37,3,4.4,4.54,4.62,4.25,4.7,4.67,4.16,96,moins de 12 heures,97,Logement entier,1,2,1.4,5,Host_19338,2019,True,True,https://www.airbnb.fr/rooms/arles_000019,detailed_ratings,2022-03-25,9,58,17,1,196
arles_000020,Arles,Studio entier au cœur de Arles,43.747475,4.580011,61,4.4,77,4.4,4.53,4.55,4.16,4.69,4.51,4.47,89,quelques heures,88,Logement entier,1,1,1.1,3,Host_55142,2018,False,True,https://www.airbnb.fr/rooms/arles_000020,detailed_ratings,2023-12-12,14,6,28,4,109
arles_000021,Arles,Charmant maison centre-ville,43.586846,4.636077,62,4.37,8,4.4,4.29,4.37,4.49,4.5,4.39,4.18,99,moins de 12 heures,96,Logement entier,5,2,2.3,9,Host_27234,2023,False,False,https://www.airbnb.fr/rooms/arles_000021,detailed_ratings,2024-12-17,19,28,25,2,214
arles_000022,Arles,Studio entier au cœur de Arles,43.576797,4.71641,108,4.48,274,4.5,4.45,4.49,4.26,4.58,4.71,4.4,91,quelques heures,92,Logement entier,5,1,2.0,3,Host_14071,2015,False,True,https://www.airbnb.fr/rooms/arles_000022,detailed_ratings,2023-10-21,19,25,71,5,87
arles_000023,Arles,Hébergement entier - Arles proche gare,43.74627,4.58088,37,4.58,26,4.6,4.76,4.7,4.78,4.78,4.7,4.25,96,quelques heures,94,Logement entier,3,1,1.6,4,Host_28391,2019,True,True,https://www.airbnb.fr/rooms/arles_000023,detailed_ratings,2023-02-20,10,7,22,5,277
arles_000024,Arles,Chambre confortable proche proche gare Arles,43.664512,4.677464,128,4.46,2,4.5,4.55,4.43,4.63,4.58,4.53,4.43,89,moins d une heure,85,Chambre privée,2,3,1.9,8,Host_1631,2016,False,True,https://www.airbnb.fr/rooms/arles_000024,detailed_ratings,2023-07-26,5,53,29,1,36
arles_000025,Arles,Hébergement chez l'habitant - Arles quartier historique,43.706806,4.603157,61,4.58,67,4.6,4.77,4.54,4.29,4.75,4.5,4.21,95,quelques heures,93,Chambre privée,5,2,1.6,5,Host_50219,2015,False,True,https://www.airbnb.fr/rooms/arles_000025,detailed_ratings,2024-09-01,21,35,65,7,43
arles_000026,Arles,Hébergement entier - Arles proche commerces,43.592074,4.615111,82,4.55,3,4.6,4.63,4.84,4.72,4.95,4.76,4.36,96,moins de 12 heures,100,Logement entier,5,5,2.5,2,Host_87815,2023,True,True,https://www.airbnb.fr/rooms/arles_000026,detailed_ratings,2022-11-15,6,43,54,2,192
arles_000027,Arles,Chambre confortable proche proche commerces Arles,43.659455,4.681331,97,4.64,208,4.6,4.78,4.76,4.4,4.94,4.91,4.72,86,quelques heures,84,Chambre partagée,2,3,2.0,8,Host_36070,2015,True,True,https://www.airbnb.fr/rooms/arles_000027,detailed_ratings,2022-01-07,30,26,76,5,60
arles_000028,Arles,Appartement entier au cœur de Arles,43.774855,4.591054,71,4.68,146,4.7,4.69,4.7,4.54,4.96,4.86,4.48,90,moins d une heure,83,Logement entier,1,3,2.8,7,Host_53679,2017,False,True,https://www.airbnb.fr/rooms/arles_000028,detailed_ratings,2024-05-09,16,60,50,7,236
arles_000029,Arles,Lumineux chambre à Arles,43.676141,4.573547,58,4.39,238,4.4,4.42,4.39,4.47,4.48,4.53,4.21,89,quelques heures,100,Chambre privée,2,6,2.0,10,Host_5482,2013,True,True,https://www.airbnb.fr/rooms/arles_000029,detailed_ratings,2024-06-02,2,8,19,2,347
arles_000030,Arles,Hébergement chez l'habitant - Arles proche monuments,43.64757,4.596009,126,4.62,207,4.6,4.62,4.75,4.58,4.92,4.9,4.44,100,moins de 12 heures,87,Chambre privée,3,3,2.6,9,Host_75225,2016,False,True,https://www.airbnb.fr/rooms/arles_000030,detailed_ratings,2024-12-27,7,20,13,5,287
arles_000031,Arles,Chambre confortable proche zone calme Arles,43.714372,4.648557,96,4.66,277,4.7,4.67,4.86,4.58,5.0,4.93,4.42,95,moins d une heure,97,Chambre privée,2,2,1.3,10,Host_47290,2020,False,True,https://www.airbnb.fr/rooms/arles_000031,detailed_ratings,2024-08-12,11,51,66,5,285
arles_000032,Arles,Magnifique chambre à Arles,43.723745,4.627521,119,4.6,169,4.6,4.57,4.78,4.32,4.97,4.77,4.29,96,quelques heures,94,Chambre privée,3,4,1.5,4,Host_80170,2020,False,True,https://www.airbnb.fr/rooms/arles_000032,detailed_ratings,2023-01-06,30,10,14,5,65
arles_000033,Arles,Hébergement entier - Arles proche commerces,43.73765,4.650409,135,4.49,67,4.5,4.5,4.7,4.51,4.55,4.66,4.33,92,moins d une heure,87,Logement entier,1,5,1.3,2,Host_82355,2012,False,True,https://www.airbnb.fr/rooms/arles_000033,detailed_ratings,2022-07-21,7,22,2,2,310
arles_000034,Arles,Chambre confortable proche zone calme Arles,43.576709,4.630012,81,4.54,251,4.5,4.65,4.81,4.33,4.78,4.48,4.3,94,moins de 12 heures,95,Chambre privée,2,4,2.6,8,Host_32904,2014,True,True,https://www.airbnb.fr/rooms/arles_000034,detailed_ratings,2024-01-11,21,27,12,4,77
arles_000035,Arles,Chambre confortable proche quartier animé Arles,43.75749,4.543876,86,4.73,102,4.7,4.82,4.97,4.6,5.0,4.77,4.58,91,quelques heures,94,Chambre privée,2,3,2.6,8,Host_39314,2023,False,False,https://www.airbnb.fr/rooms/arles_000035,detailed_ratings,2022-07-10,13,25,31,5,273
arles_000036,Arles,Magnifique maison à Arles,43.584495,4.562875,57,4.39,56,4.4,4.37,4.34,4.52,4.63,4.68,4.09,99,moins d une heure,94,Logement entier,1,3,2.3,10,Host_31815,2018,False,True,https://www.airbnb.fr/rooms/arles_000036,detailed_ratings,2023-01-10,23,1,64,5,142
arles_000037,Arles,Chambre confortable proche zone calme Arles,43.68654,4.7196,47,4.41,82,4.4,4.58,4.31,4.58,4.5,4.7,4.23,97,quelques heures,87,Chambre privée,3,4,1.9,5,Host_71533,2013,True,True,https://www.airbnb.fr/rooms/arles_000037,detailed_ratings,2024-01-04,9,38,10,6,163
arles_000038,Arles,Charmant appartement à Arles,43.741908,4.530041,92,4.53,223,4.5,4.5,4.63,4.53,4.79,4.46,4.61,90,quelques heures,95,Logement entier,4,3,1.9,9,Host_4102,2012,False,True,https://www.airbnb.fr/rooms/arles_000038,detailed_ratings,2023-09-21,30,33,12,7,128
arles_000039,Arles,Hébergement chez l'habitant - Arles proche commerces,43.590334,4.588389,100,4.67,253,4.7,4.67,4.69,4.78,5.0,4.86,4.34,88,moins d une heure,95,Chambre partagée,3,4,1.2,9,Host_70357,2019,False,True,https://www.airbnb.fr/rooms/arles_000039,detailed_ratings,2022-11-13,13,30,81,5,324
arles_000040,Arles,Lumineux duplex à Arles,43.604925,4.688126,49,4.54,280,4.5,4.52,4.78,4.33,4.93,4.52,4.17,93,moins de 12 heures,80,Logement entier,4,5,2.9,8,Host_46648,2014,True,True,https://www.airbnb.fr/rooms/arles_000040,detailed_ratings,2024-06-12,14,9,72,3,146
arles_000041,Arles,Maison entier au cœur de Arles,43.66025,4.628056,56,4.69,212,4.7,4.72,4.7,4.43,5.0,4.77,4.29,88,moins d une heure,91,Logement entier,2,5,2.8,7,Host_1342,2012,False,True,https://www.airbnb.fr/rooms/arles_000041,detailed_ratings,2022-01-22,29,40,6,6,226
arles_000042,Arles,Moderne loft à Arles,43.682444,4.682698,43,4.51,89,4.5,4.59,4.57,4.55,4.55,4.43,4.6,88,quelques heures,84,Logement entier,1,5,1.1,7,Host_41311,2016,False,True,https://www.airbnb.fr/rooms/arles_000042,detailed_ratings,2023-01-01,1,48,23,6,328
arles_000043,Arles,Spacieux chambre à Arles,43.645676,4.550451,45,4.65,41,4.7,4.84,4.73,4.68,5.0,4.6,4.54,97,quelques heures,88,Chambre partagée,2,2,2.9,8,Host_63313,2020,False,True,https://www.airbnb.fr/rooms/arles_000043,detailed_ratings,2022-09-10,25,50,55,5,260
arles_000044,Arles,Pied-à-terre entier au cœur de Arles,43.628724,4.582789,83,4.71,7,4.7,4.81,4.7,4.71,4.85,4.94,4.7,85,moins de 12 heures,88,Logement entier,1,2,2.8,3,Host_7923,2020,False,True,https://www.airbnb.fr/rooms/arles_000044,detailed_ratings,2022-03-28,28,35,58,4,291
arles_000045,Arles,Maison entier au cœur de Arles,43.628207,4.70909,76,4.45,181,4.5,4.35,4.7,4.52,4.62,4.63,4.48,96,quelques heures,87,Logement entier,5,6,2.5,9,Host_49861,2023,False,True,https://www.airbnb.fr/rooms/arles_000045,detailed_ratings,2022-10-19,9,52,69,5,266
arles_000046,Arles,Studio entier au cœur de Arles,43.659929,4.577206,103,4.37,207,4.4,4.31,4.36,4.52,4.55,4.31,4.46,90,quelques heures,90,Logement entier,3,5,1.1,5,Host_37365,2019,True,True,https://www.airbnb.fr/rooms/arles_000046,detailed_ratings,2023-05-21,20,36,74,2,266
arles_000047,Arles,Spacieux chambre à Arles,43.752193,4.68149,58,4.63,56,4.6,4.56,4.65,4.41,4.87,4.73,4.62,100,moins de 12 heures,84,Chambre privée,4,2,1.2,8,Host_8800,2019,True,True,https://www.airbnb.fr/rooms/arles_000047,detailed_ratings,2023-02-03,27,21,34,3,160
arles_000048,Arles,Typique duplex quartier animé,43.76978,4.559049,87,4.5,91,4.5,4.52,4.68,4.4,4.7,4.54,4.23,100,moins d une heure,82,Logement entier,2,3,2.2,4,Host_12480,2014,True,False,https://www.airbnb.fr/rooms/arles_000048,detailed_ratings,2022-06-21,19,3,12,5,98
arles_000049,Arles,Chambre confortable proche quartier historique Arles,43.648317,4.620058,51,4.48,91,4.5,4.53,4.45,4.47,4.71,4.4,4.4,96,moins d une heure,90,Chambre privée,4,4,1.4,7,Host_24688,2021,True,True,https://www.airbnb.fr/rooms/arles_000049,detailed_ratings,2022-04-26,27,17,80,6,260
arles_000050,Arles,Typique chambre à Arles,43.61797,4.591988,94,4.66,168,4.7,4.69,4.92,4.82,4.96,4.87,4.63,92,moins d une heure,87,Chambre privée,4,5,1.6,3,Host_98430,2018,False,False,https://www.airbnb.fr/rooms/arles_000050,detailed_ratings,2024-10-05,6,4,2,4,181
arles_000051,Arles,Pied-à-terre entier au cœur de Arles,43.670386,4.593136,108,4.51,78,4.5,4.42,4.64,4.58,4.61,4.6,4.22,96,moins d une heure,94,Logement entier,4,2,1.4,7,Host_46553,2023,False,True,https://www.airbnb.fr/rooms/arles_000051,detailed_ratings,2022-07-14,8,42,85,1,353
arles_000052,Arles,Moderne chambre à Arles,43.738765,4.577295,131,4.57,56,4.6,4.59,4.52,4.27,4.82,4.55,4.42,93,quelques heures,92,Chambre privée,4,4,2.4,6,Host_94099,2018,False,True,https://www.airbnb.fr/rooms/arles_000052,detailed_ratings,2024-10-19,30,32,5,4,116
arles_000053,Arles,Superbe chambre à Arles,43.678117,4.543985,35,4.56,46,4.6,4.73,4.65,4.48,4.75,4.51,4.43,100,moins d une heure,80,Chambre privée,5,1,1.2,5,Host_87460,2023,False,True,https://www.airbnb.fr/rooms/arles_000053,detailed_ratings,2022-02-13,10,26,71,7,364
arles_000054,Arles,Duplex entier au cœur de Arles,43.634672,4.585098,107,4.68,14,4.7,4.59,4.93,4.73,4.74,4.85,4.57,93,quelques heures,81,Logement entier,4,2,2.8,6,Host_23518,2013,False,True,https://www.airbnb.fr/rooms/arles_000054,detailed_ratings,2023-08-18,7,38,79,2,200
arles_000055,Arles,Pied-à-terre entier au cœur de Arles,43.716977,4.721125,98,4.57,31,4.6,4.63,4.48,4.7,4.74,4.49,4.24,93,moins d une heure,96,Logement entier,4,6,1.3,5,Host_88639,2015,False,True,https://www.airbnb.fr/rooms/arles_000055,detailed_ratings,2022-11-09,13,34,50,5,293
arles_000056,Arles,Hébergement entier - Arles quartier animé,43.686682,4.557255,53,4.64,106,4.6,4.57,4.6,4.65,4.85,4.86,4.65,85,moins de 12 heures,86,Logement entier,5,5,1.4,9,Host_93845,2012,False,True,https://www.airbnb.fr/rooms/arles_000056,detailed_ratings,2023-08-28,22,15,8,5,313
arles_000057,Arles,Typique loft à Arles,43.627458,4.62989,45,4.46,249,4.5,4.47,4.37,4.3,4.79,4.45,4.54,96,moins d une heure,82,Logement entier,3,1,2.8,7,Host_74343,2018,False,False,https://www.airbnb.fr/rooms/arles_000057,detailed_ratings,2023-01-08,10,52,45,5,128
arles_000058,Arles,Hébergement entier - Arles proche monuments,43.630863,4.596296,132,4.36,157,4.4,4.37,4.38,4.12,4.71,4.41,4.08,87,moins d une heure,95,Logement entier,5,5,2.6,6,Host_77771,2013,False,True,https://www.airbnb.fr/rooms/arles_000058,detailed_ratings,2022-12-05,13,11,85,1,343
arles_000059,Arles,Chambre confortable proche quartier animé Arles,43.615135,4.547637,52,4.69,277,4.7,4.81,4.77,4.57,4.85,4.99,4.78,87,moins d une heure,92,Chambre privée,4,2,2.0,9,Host_79031,2016,True,False,https://www.airbnb.fr/rooms/arles_000059,detailed_ratings,2023-05-23,4,47,39,2,75
arles_000060,Arles,Authentique duplex à Arles,43.671439,4.546618,142,4.52,251,4.5,4.56,4.69,4.53,4.61,4.44,4.58,93,moins d une heure,99,Logement entier,5,1,2.9,2,Host_88710,2022,False,True,https://www.airbnb.fr/rooms/arles_000060,detailed_ratings,2023-12-16,5,37,40,5,56
arles_000061,Arles,Moderne chambre à Arles,43.677748,4.577481,58,4.4,271,4.4,4.38,4.4,4.35,4.8,4.41,4.44,94,quelques heures,94,Chambre partagée,5,4,2.3,6,Host_99542,2021,False,False,https://www.airbnb.fr/rooms/arles_000061,detailed_ratings,2023-05-10,6,33,44,5,356
arles_000062,Arles,Hébergement entier - Arles proche monuments,43.636986,4.714515,50,4.55,39,4.5,4.47,4.62,4.36,4.89,4.61,4.17,100,moins d une heure,95,Logement entier,4,6,2.7,9,Host_94020,2016,False,True,https://www.airbnb.fr/rooms/arles_000062,detailed_ratings,2022-02-25,11,39,2,7,284
arles_000063,Arles,Chambre confortable proche proche commerces Arles,43.597912,4.647042,49,4.57,109,4.6,4.61,4.74,4.61,4.86,4.54,4.29,90,moins d une heure,98,Chambre privée,3,5,2.5,5,Host_3331,2018,False,True,https://www.airbnb.fr/rooms/arles_000063,detailed_ratings,2024-12-26,27,7,60,6,283
arles_000064,Arles,Moderne maison à Arles,43.769084,4.629183,132,4.65,268,4.6,4.58,4.79,4.75,4.71,4.79,4.47,94,quelques heures,96,Logement entier,2,5,2.6,4,Host_54332,2012,False,True,https://www.airbnb.fr/rooms/arles_000064,detailed_ratings,2022-01-17,6,50,35,2,104
arles_000065,Arles,Hébergement chez l'habitant - Arles quartier animé,43.59987,4.600554,59,4.51,215,4.5,4.69,4.72,4.62,4.55,4.58,4.54,88,quelques heures,87,Chambre privée,1,2,1.7,5,Host_84994,2021,True,True,https://www.airbnb.fr/rooms/arles_000065,detailed_ratings,2024-07-14,7,51,69,1,198
arles_000066,Arles,Magnifique maison à Arles,43.665769,4.657399,128,4.45,150,4.4,4.59,4.55,4.45,4.49,4.66,4.11,87,quelques heures,94,Logement entier,5,5,1.2,3,Host_36958,2014,False,True,https://www.airbnb.fr/rooms/arles_000066,detailed_ratings,2022-06-17,25,28,1,4,349
arles_000067,Arles,Charmant studio à Arles,43.726668,4.682685,117,4.65,105,4.7,4.6,4.61,4.42,4.94,4.8,4.34,85,moins de 12 heures,98,Logement entier,1,5,1.7,4,Host_76367,2022,True,True,https://www.airbnb.fr/rooms/arles_000067,detailed_ratings,2024-06-12,13,22,67,1,61
arles_000068,Arles,Hébergement entier - Arles quartier animé,43.67773,4.671106,41,4.65,217,4.6,4.67,4.6,4.8,4.69,4.85,4.45,96,moins de 12 heures,86,Logement entier,2,6,2.6,2,Host_93108,2019,True,True,https://www.airbnb.fr/rooms/arles_000068,detailed_ratings,2023-04-13,15,12,80,4,254
arles_000069,Arles,Hébergement entier - Arles quartier animé,43.635003,4.704327,131,4.39,141,4.4,4.43,4.5,4.57,4.73,4.39,4.07,100,moins d une heure,94,Logement entier,3,5,2.7,5,Host_82863,2017,False,True,https://www.airbnb.fr/rooms/arles_000069,detailed_ratings,2024-09-20,2,39,18,2,60
arles_000070,Arles,Spacieux chambre à Arles,43.747656,4.662735,103,4.7,170,4.7,4.71,4.93,4.46,4.91,4.64,4.45,88,quelques heures,80,Chambre privée,2,4,1.2,10,Host_39213,2018,False,True,https://www.airbnb.fr/rooms/arles_000070,detailed_ratings,2022-07-20,3,9,9,1,69
arles_000071,Arles,Hébergement chez l'habitant - Arles proche monuments,43.608561,4.569774,119,4.56,171,4.6,4.63,4.69,4.45,4.74,4.51,4.4,95,moins de 12 heures,86,Chambre partagée,5,5,1.8,8,Host_5482,2017,False,True,https://www.airbnb.fr/rooms/arles_000071,detailed_ratings,2022-07-15,14,19,41,2,356
arles_000072,Arles,Cosy maison centre-ville,43.710984,4.532599,147,4.35,48,4.4,4.32,4.29,4.47,4.42,4.6,4.24,99,moins d une heure,94,Logement entier,4,3,1.9,4,Host_13574,2012,False,True,https://www.airbnb.fr/rooms/arles_000072,detailed_ratings,2023-03-02,26,28,8,7,166
arles_000073,Arles,Duplex entier au cœur de Arles,43.681582,4.611235,136,4.61,207,4.6,4.55,4.52,4.69,4.97,4.65,4.46,89,quelques heures,96,Logement entier,4,5,3.0,10,Host_60997,2017,True,True,https://www.airbnb.fr/rooms/arles_000073,detailed_ratings,2022-05-19,22,59,37,7,193
arles_000074,Arles,Charmant studio centre-ville,43.716257,4.682583,133,4.52,27,4.5,4.45,4.54,4.29,4.55,4.59,4.27,92,quelques heures,97,Logement entier,3,5,1.5,7,Host_25495,2018,False,True,https://www.airbnb.fr/rooms/arles_000074,detailed_ratings,2022-05-06,12,33,84,7,187
arles_000075,Arles,Hébergement chez l'habitant - Arles quartier animé,43.6113,4.677337,145,4.69,140,4.7,4.73,4.77,4.5,4.98,4.98,4.56,89,quelques heures,92,Chambre privée,5,3,1.1,10,Host_85945,2017,True,False,https://www.airbnb.fr/rooms/arles_000075,detailed_ratings,2023-12-01,28,24,88,6,70
arles_000076,Arles,Hébergement chez l'habitant - Arles proche commerces,43.579267,4.531664,33,4.68,286,4.7,4.69,4.93,4.64,4.76,4.65,4.58,93,moins d une heure,86,Chambre privée,5,5,2.4,6,Host_47608,2020,False,True,https://www.airbnb.fr/rooms/arles_000076,detailed_ratings,2023-10-25,10,22,1,2,171
arles_000077,Arles,Hébergement chez l'habitant - Arles proche monuments,43.602392,4.560222,37,4.65,174,4.7,4.81,4.91,4.46,4.94,4.95,4.32,91,quelques heures,97,Chambre privée,4,5,2.4,7,Host_77108,2021,False,True,https://www.airbnb.fr/rooms/arles_000077,detailed_ratings,2024-03-10,6,2,47,1,75
arles_000078,Arles,Hébergement chez l'habitant - Arles centre-ville,43.634102,4.649317,115,4.42,263,4.4,4.59,4.57,4.31,4.45,4.4,4.35,87,moins de 12 heures,91,Chambre privée,1,4,1.3,7,Host_5804,2019,False,True,https://www.airbnb.fr/rooms/arles_000078,detailed_ratings,2023-02-18,9,43,45,5,78
arles_000079,Arles,Duplex entier au cœur de Arles,43.6437,4.614832,89,4.37,209,4.4,4.36,4.56,4.48,4.57,4.38,4.19,90,moins d une heure,84,Logement entier,2,3,1.3,5,Host_2780,2016,False,True,https://www.airbnb.fr/rooms/arles_000079,detailed_ratings,2022-06-07,23,18,22,1,64
arles_000080,Arles,Moderne maison proche gare,43.630553,4.696532,92,4.59,227,4.6,4.5,4.49,4.42,4.87,4.66,4.33,88,moins de 12 heures,86,Logement entier,1,3,2.1,9,Host_71606,2013,False,True,https://www.airbnb.fr/rooms/arles_000080,detailed_ratings,2024-09-26,6,47,58,4,230
arles_000081,Arles,Chambre confortable proche centre-ville Arles,43.581778,4.691719,125,4.57,229,4.6,4.54,4.64,4.66,4.69,4.54,4.67,87,quelques heures,90,Chambre privée,3,3,2.6,2,Host_84714,2014,False,True,https://www.airbnb.fr/rooms/arles_000081,detailed_ratings,2024-07-22,15,29,86,7,75
arles_000082,Arles,Chambre confortable proche proche commerces Arles,43.648709,4.586882,36,4.51,299,4.5,4.59,4.63,4.4,4.54,4.75,4.5,93,quelques heures,85,Chambre privée,5,4,1.3,7,Host_76947,2020,False,True,https://www.airbnb.fr/rooms/arles_000082,detailed_ratings,2024-09-10,16,16,9,2,85
arles_000083,Arles,Chambre confortable proche proche gare Arles,43.696859,4.649928,32,4.62,250,4.6,4.79,4.78,4.54,4.77,4.89,4.56,89,moins d une heure,80,Chambre privée,1,1,2.1,4,Host_78040,2018,True,True,https://www.airbnb.fr/rooms/arles_000083,detailed_ratings,2022-02-06,0,52,4,3,217
arles_000084,Arles,Chambre confortable proche quartier animé Arles,43.627358,4.667994,145,4.64,7,4.6,4.68,4.68,4.8,4.87,4.56,4.54,86,moins d une heure,92,Chambre privée,5,2,1.7,5,Host_89201,2019,False,True,https://www.airbnb.fr/rooms/arles_000084,detailed_ratings,2022-05-20,5,42,30,7,288
arles_000085,Arles,Maison entier au cœur de Arles,43.72681,4.652214,112,4.54,189,4.5,4.68,4.56,4.27,4.69,4.83,4.42,90,moins d une heure,92,Logement entier,5,2,1.1,2,Host_94078,2012,False,False,https://www.airbnb.fr/rooms/arles_000085,detailed_ratings,2024-03-11,5,60,88,2,277
arles_000086,Arles,Hébergement chez l'habitant - Arles proche monuments,43.633878,4.691464,122,4.36,203,4.4,4.36,4.45,4.46,4.55,4.66,4.0,93,moins de 12 heures,83,Chambre privée,5,1,1.4,5,Host_65681,2012,False,True,https://www.airbnb.fr/rooms/arles_000086,detailed_ratings,2024-08-23,7,16,76,4,312
arles_000087,Arles,Spacieux duplex à Arles,43.615509,4.617919,136,4.38,199,4.4,4.31,4.39,4.22,4.74,4.29,4.11,92,moins d une heure,91,Logement entier,5,6,2.4,9,Host_66858,2022,True,True,https://www.airbnb.fr/rooms/arles_000087,detailed_ratings,2024-01-10,0,29,45,4,33
arles_000088,Arles,Hébergement entier - Arles proche monuments,43.622043,4.591354,33,4.59,32,4.6,4.66,4.72,4.75,4.92,4.56,4.36,95,moins d une heure,96,Logement entier,4,6,3.0,6,Host_29268,2013,True,True,https://www.airbnb.fr/rooms/arles_000088,detailed_ratings,2024-07-02,22,28,60,5,192
arles_000089,Arles,Typique loft à Arles,43.720435,4.56891,145,4.65,290,4.7,4.61,4.81,4.48,4.66,4.59,4.54,95,moins de 12 heures,96,Logement entier,1,3,3.0,4,Host_60761,2019,True,True,https://www.airbnb.fr/rooms/arles_000089,detailed_ratings,2024-09-28,6,41,33,4,88
arles_000090,Arles,Charmant maison à Arles,43.756898,4.694685,109,4.64,96,4.6,4.62,4.67,4.78,5.0,4.79,4.37,91,moins d une heure,95,Logement entier,1,2,2.3,8,Host_58114,2018,True,True,https://www.airbnb.fr/rooms/arles_000090,detailed_ratings,2022-11-24,5,34,65,3,282
arles_000091,Arles,Moderne loft à Arles,43.723563,4.542998,59,4.54,233,4.5,4.57,4.7,4.37,4.73,4.79,4.37,89,moins de 12 heures,99,Logement entier,2,3,1.3,6,Host_60667,2016,True,True,https://www.airbnb.fr/rooms/arles_000091,detailed_ratings,2023-10-01,18,37,79,3,97
arles_000092,Arles,Lumineux studio à Arles,43.648806,4.715119,97,4.63,137,4.6,4.81,4.73,4.37,4.89,4.64,4.7,86,moins d une heure,83,Logement entier,1,6,1.4,9,Host_87198,2015,False,True,https://www.airbnb.fr/rooms/arles_000092,detailed_ratings,2022-01-12,13,58,59,1,312
arles_000093,Arles,Calme pied-à-terre proche commerces,43.605611,4.634625,66,4.38,55,4.4,4.39,4.44,4.45,4.51,4.55,4.22,100,moins de 12 heures,87,Logement entier,4,4,2.7,9,Host_13492,2018,False,True,https://www.airbnb.fr/rooms/arles_000093,detailed_ratings,2024-02-24,4,38,80,3,179
arles_000094,Arles,Typique pied-à-terre à Arles,43.580059,4.644981,47,4.57,129,4.6,4.55,4.66,4.43,4.83,4.71,4.59,87,moins de 12 heures,81,Logement entier,3,4,2.0,7,Host_10785,2017,True,False,https://www.airbnb.fr/rooms/arles_000094,detailed_ratings,2024-10-21,17,56,71,2,293
arles_000095,Arles,Lumineux chambre à Arles,43.749545,4.687524,93,4.54,11,4.5,4.71,4.58,4.33,4.55,4.55,4.35,99,moins de 12 heures,82,Chambre privée,5,3,2.3,7,Host_76722,2013,False,True,https://www.airbnb.fr/rooms/arles_000095,detailed_ratings,2023-08-21,2,0,74,6,99
arles_000096,Arles,Superbe chambre à Arles,43.726644,4.533653,52,4.69,35,4.7,4.89,4.86,4.72,4.97,4.98,4.41,99,moins d une heure,100,Chambre privée,2,5,2.9,8,Host_91205,2023,False,False,https://www.airbnb.fr/rooms/arles_000096,detailed_ratings,2023-03-12,29,5,53,7,113
arles_000097,Arles,Hébergement entier - Arles centre-ville,43.715634,4.657783,64,4.48,100,4.5,4.48,4.63,4.19,4.78,4.62,4.55,94,quelques heures,87,Logement entier,3,5,2.6,2,Host_27705,2021,False,True,https://www.airbnb.fr/rooms/arles_000097,detailed_ratings,2022-10-10,12,38,34,7,326
arles_000098,Arles,Maison entier au cœur de Arles,43.581531,4.724375,65,4.65,275,4.7,4.63,4.62,4.63,4.68,4.67,4.38,92,moins de 12 heures,92,Logement entier,4,1,1.6,4,Host_64050,2022,True,True,https://www.airbnb.fr/rooms/arles_000098,detailed_ratings,2022-09-22,8,58,57,3,326
arles_000099,Arles,Chambre confortable proche proche gare Arles,43.765139,4.604085,43,4.53,276,4.5,4.72,4.81,4.63,4.88,4.57,4.21,88,moins d une heure,93,Chambre partagée,2,3,2.9,8,Host_48428,2016,False,False,https://www.airbnb.fr/rooms/arles_000099,detailed_ratings,2024-03-05,19,3,74,1,144
arles_000100,Arles,Calme chambre à Arles,43.758644,4.705372,43,4.73,65,4.7,4.81,4.75,4.93,4.81,4.99,4.78,91,moins d une heure,92,Chambre privée,3,6,1.2,4,Host_46234,2017,True,True,https://www.airbnb.fr/rooms/arles_000100,detailed_ratings,2023-05-10,0,55,73,6,196
arles_000101,Arles,Spacieux studio zone calme,43.66854,4.682428,88,4.6,280,4.6,4.66,4.6,4.3,4.95,4.57,4.37,93,moins de 12 heures,85,Logement entier,3,4,2.9,4,Host_69892,2013,False,False,https://www.airbnb.fr/rooms/arles_000101,detailed_ratings,2022-10-10,16,8,73,7,121
arles_000102,Arles,Hébergement chez l'habitant - Arles proche commerces,43.700503,4.637161,131,4.42,254,4.4,4.61,4.36,4.26,4.53,4.38,4.11,87,quelques heures,99,Chambre privée,3,2,1.5,5,Host_4183,2012,False,True,https://www.airbnb.fr/rooms/arles_000102,detailed_ratings,2023-09-13,4,17,8,2,309
arles_000103,Arles,Chambre confortable proche proche commerces Arles,43.647049,4.569748,106,4.71,252,4.7,4.72,4.86,4.61,4.8,4.69,4.37,89,moins de 12 heures,90,Chambre privée,1,1,1.5,10,Host_94895,2018,False,False,https://www.airbnb.fr/rooms/arles_000103,detailed_ratings,2022-02-27,29,45,81,4,170
arles_000104,Arles,Lumineux studio proche gare,43.769456,4.709645,123,4.37,91,4.4,4.33,4.32,4.18,4.66,4.28,4.18,92,moins de 12 heures,88,Logement entier,3,3,2.7,8,Host_98406,2023,False,True,https://www.airbnb.fr/rooms/arles_000104,detailed_ratings,2024-02-28,26,3,33,5,34
arles_000105,Arles,Hébergement chez l'habitant - Arles proche gare,43.613146,4.599193,34,4.49,69,4.5,4.45,4.55,4.57,4.8,4.48,4.18,98,quelques heures,80,Chambre privée,5,5,1.6,7,Host_16630,2018,False,True,https://www.airbnb.fr/rooms/arles_000105,detailed_ratings,2024-08-27,12,1,56,3,233
arles_000106,Arles,Hébergement entier - Arles centre-ville,43.638124,4.70367,72,4.58,81,4.6,4.49,4.8,4.46,4.63,4.66,4.61,98,quelques heures,81,Logement entier,3,6,2.7,7,Host_98748,2014,False,True,https://www.airbnb.fr/rooms/arles_000106,detailed_ratings,2024-03-15,15,17,64,6,150
arles_000107,Arles,Magnifique pied-à-terre centre-ville,43.725429,4.532625,41,4.39,145,4.4,4.43,4.62,4.35,4.42,4.34,4.11,87,quelques heures,88,Logement entier,4,6,2.0,9,Host_98082,2016,False,True,https://www.airbnb.fr/rooms/arles_000107,detailed_ratings,2022-11-14,17,2,79,5,170
arles_000108,Arles,Hébergement chez l'habitant - Arles zone calme,43.589502,4.68328,35,4.62,250,4.6,4.64,4.63,4.42,4.65,4.56,4.43,86,moins d une heure,81,Chambre privée,5,2,2.1,8,Host_97824,2015,False,True,https://www.airbnb.fr/rooms/arles_000108,detailed_ratings,2024-10-26,7,36,23,5,69
arles_000109,Arles,Chambre confortable proche proche monuments Arles,43.695971,4.590296,143,4.54,243,4.5,4.58,4.66,4.38,4.69,4.72,4.47,89,quelques heures,81,Chambre privée,1,1,1.5,7,Host_69831,2015,True,True,https://www.airbnb.fr/rooms/arles_000109,detailed_ratings,2022-04-11,21,5,43,2,197
arles_000110,Arles,Chambre confortable proche proche commerces Arles,43.742652,4.581321,55,4.6,227,4.6,4.76,4.86,4.34,4.93,4.86,4.3,93,quelques heures,87,Chambre privée,5,6,2.9,3,Host_31112,2017,False,True,https://www.airbnb.fr/rooms/arles_000110,detailed_ratings,2022-08-04,30,27,59,5,99
arles_000111,Arles,Hébergement chez l'habitant - Arles proche commerces,43.602038,4.665025,117,4.55,268,4.6,4.47,4.55,4.28,4.73,4.77,4.3,92,quelques heures,99,Chambre privée,2,3,2.9,4,Host_45856,2015,False,True,https://www.airbnb.fr/rooms/arles_000111,detailed_ratings,2023-09-28,11,14,60,6,64
arles_000112,Arles,Appartement entier au cœur de Arles,43.590169,4.650986,132,4.56,244,4.6,4.58,4.84,4.55,4.8,4.54,4.63,86,quelques heures,93,Logement entier,5,2,2.8,9,Host_44238,2023,False,False,https://www.airbnb.fr/rooms/arles_000112,detailed_ratings,2022-09-04,29,41,29,3,156
arles_000113,Arles,Maison entier au cœur de Arles,43.740084,4.694559,149,4.58,115,4.6,4.68,4.85,4.68,4.9,4.83,4.62,97,quelques heures,89,Logement entier,2,6,1.8,8,Host_53436,2019,True,False,https://www.airbnb.fr/rooms/arles_000113,detailed_ratings,2022-02-24,22,24,11,4,139
arles_000114,Arles,Calme chambre à Arles,43.687798,4.632516,110,4.54,245,4.5,4.52,4.62,4.29,4.72,4.76,4.52,93,moins d une heure,98,Chambre privée,2,1,1.0,2,Host_60961,2015,False,False,https://www.airbnb.fr/rooms/arles_000114,detailed_ratings,2024-02-12,16,49,64,3,239
arles_000115,Arles,Hébergement entier - Arles centre-ville,43.672973,4.560288,119,4.64,148,4.6,4.68,4.94,4.54,4.9,4.56,4.56,95,moins d une heure,89,Logement entier,1,6,2.0,5,Host_71625,2018,False,True,https://www.airbnb.fr/rooms/arles_000115,detailed_ratings,2023-04-10,26,29,82,6,40
arles_000116,Arles,Hébergement entier - Arles zone calme,43.668338,4.680521,59,4.54,4,4.5,4.73,4.62,4.66,4.7,4.57,4.17,99,quelques heures,82,Logement entier,1,1,2.3,4,Host_93549,2021,False,True,https://www.airbnb.fr/rooms/arles_000116,detailed_ratings,2024-04-01,21,10,85,7,139
arles_000117,Arles,Charmant chambre à Arles,43.759876,4.548908,148,4.48,136,4.5,4.41,4.77,4.32,4.54,4.7,4.56,100,quelques heures,83,Chambre privée,5,6,2.3,6,Host_91073,2023,False,True,https://www.airbnb.fr/rooms/arles_000117,detailed_ratings,2023-09-10,0,36,42,4,358
arles_000118,Arles,Calme studio à Arles,43.698639,4.629544,80,4.56,275,4.6,4.57,4.85,4.65,4.61,4.82,4.48,99,quelques heures,92,Logement entier,1,6,1.1,4,Host_77244,2014,False,False,https://www.airbnb.fr/rooms/arles_000118,detailed_ratings,2022-05-26,19,56,11,5,307
arles_000119,Arles,Loft entier au cœur de Arles,43.722169,4.635881,113,4.59,87,4.6,4.61,4.56,4.4,4.92,4.49,4.29,93,moins d une heure,91,Logement entier,1,6,1.9,6,Host_7562,2019,True,False,https://www.airbnb.fr/rooms/arles_000119,detailed_ratings,2024-05-20,12,33,0,6,252
arles_000120,Arles,Studio entier au cœur de Arles,43.665631,4.54684,46,4.65,250,4.7,4.58,4.61,4.74,5.0,4.69,4.29,93,moins d une heure,84,Logement entier,3,6,1.5,2,Host_56552,2017,True,True,https://www.airbnb.fr/rooms/arles_000120,detailed_ratings,2024-06-23,18,12,78,5,326
arles_000121,Arles,Hébergement chez l'habitant - Arles proche commerces,43.676041,4.719599,100,4.55,42,4.6,4.66,4.69,4.48,4.91,4.66,4.28,100,moins d une heure,82,Chambre privée,4,2,1.4,9,Host_36108,2018,False,False,https://www.airbnb.fr/rooms/arles_000121,detailed_ratings,2022-10-23,6,58,14,3,314
arles_000122,Arles,Lumineux maison à Arles,43.754351,4.607256,122,4.68,298,4.7,4.63,4.66,4.83,4.68,4.85,4.39,97,quelques heures,97,Logement entier,3,5,1.0,6,Host_87729,2018,False,False,https://www.airbnb.fr/rooms/arles_000122,detailed_ratings,2022-07-12,1,2,7,1,149
arles_000123,Arles,Hébergement entier - Arles proche commerces,43.601515,4.559864,92,4.56,59,4.6,4.75,4.51,4.64,4.96,4.55,4.43,89,quelques heures,100,Logement entier,1,2,2.1,7,Host_61447,2019,False,True,https://www.airbnb.fr/rooms/arles_000123,detailed_ratings,2023-05-07,20,27,74,5,343
arles_000124,Arles,Calme chambre à Arles,43.748945,4.543203,74,4.6,213,4.6,4.59,4.54,4.61,4.77,4.69,4.42,87,moins de 12 heures,83,Chambre privée,4,1,2.9,3,Host_36010,2013,True,True,https://www.airbnb.fr/rooms/arles_000124,detailed_ratings,2022-06-23,27,22,34,6,213
arles_000125,Arles,Hébergement chez l'habitant - Arles proche monuments,43.669899,4.723086,97,4.66,27,4.7,4.64,4.93,4.46,4.69,4.76,4.6,100,moins d une heure,90,Chambre privée,1,4,2.4,6,Host_99195,2023,True,False,https://www.airbnb.fr/rooms/arles_000125,detailed_ratings,2022-12-03,7,36,37,4,166
arles_000126,Arles,Magnifique chambre à Arles,43.61509,4.711463,113,4.41,287,4.4,4.52,4.51,4.3,4.74,4.6,4.23,88,moins de 12 heures,97,Chambre partagée,2,4,1.6,7,Host_64474,2018,False,True,https://www.airbnb.fr/rooms/arles_000126,detailed_ratings,2022-12-26,14,26,17,7,125
arles_000127,Arles,Hébergement chez l'habitant - Arles proche monuments,43.763869,4.723764,125,4.68,201,4.7,4.62,4.69,4.42,5.0,4.92,4.7,89,quelques heures,80,Chambre privée,3,4,2.2,6,Host_5725,2021,False,True,https://www.airbnb.fr/rooms/arles_000127,detailed_ratings,2024-05-25,26,27,44,7,215
arles_000128,Arles,Chambre confortable proche zone calme Arles,43.667475,4.663776,65,4.69,100,4.7,4.66,4.73,4.75,4.81,4.78,4.36,97,quelques heures,90,Chambre partagée,1,3,1.3,8,Host_61426,2020,False,True,https://www.airbnb.fr/rooms/arles_000128,detailed_ratings,2023-05-07,24,2,68,3,294
arles_000129,Arles,Hébergement chez l'habitant - Arles quartier animé,43.647864,4.634932,62,4.68,176,4.7,4.71,4.79,4.43,4.96,4.66,4.36,94,quelques heures,100,Chambre privée,3,6,1.9,9,Host_18835,2015,False,True,https://www.airbnb.fr/rooms/arles_000129,detailed_ratings,2024-07-07,17,24,19,5,173
arles_000130,Arles,Hébergement chez l'habitant - Arles zone calme,43.766209,4.540612,67,4.45,153,4.5,4.45,4.6,4.24,4.61,4.61,4.34,86,moins de 12 heures,80,Chambre privée,1,4,2.9,7,Host_33565,2014,False,False,https://www.airbnb.fr/rooms/arles_000130,detailed_ratings,2024-05-10,11,55,52,4,82
arles_000131,Arles,Studio entier au cœur de Arles,43.674985,4.64843,66,4.44,256,4.4,4.56,4.45,4.26,4.56,4.59,4.18,96,moins de 12 heures,100,Logement entier,2,3,2.7,7,Host_65573,2020,False,True,https://www.airbnb.fr/rooms/arles_000131,detailed_ratings,2023-02-03,12,31,7,7,302
arles_000132,Arles,Typique maison à Arles,43.639015,4.65965,54,4.45,19,4.4,4.62,4.71,4.51,4.84,4.73,4.31,89,moins d une heure,95,Logement entier,3,1,2.9,8,Host_41964,2021,True,True,https://www.airbnb.fr/rooms/arles_000132,detailed_ratings,2022-09-02,28,7,53,4,334
arles_000133,Arles,Chambre confortable proche centre-ville Arles,43.651243,4.571033,146,4.68,259,4.7,4.76,4.65,4.46,4.89,4.74,4.69,99,moins d une heure,94,Chambre privée,2,1,2.7,4,Host_43608,2016,True,True,https://www.airbnb.fr/rooms/arles_000133,detailed_ratings,2022-05-10,3,55,34,2,80
arles_000134,Arles,Loft entier au cœur de Arles,43.709507,4.709055,110,4.6,142,4.6,4.56,4.57,4.63,4.69,4.65,4.68,96,quelques heures,88,Logement entier,4,2,1.8,4,Host_83994,2023,False,True,https://www.airbnb.fr/rooms/arles_000134,detailed_ratings,2023-12-25,22,2,26,2,207
arles_000135,Arles,Hébergement entier - Arles quartier animé,43.604094,4.605055,105,4.5,269,4.5,4.64,4.47,4.68,4.82,4.78,4.55,94,moins d une heure,88,Logement entier,4,2,1.3,6,Host_28622,2023,False,False,https://www.airbnb.fr/rooms/arles_000135,detailed_ratings,2022-04-14,9,35,23,3,69
arles_000136,Arles,Loft entier au cœur de Arles,43.608063,4.536399,128,4.54,82,4.5,4.58,4.46,4.43,4.77,4.58,4.33,89,moins d une heure,81,Logement entier,2,5,1.6,6,Host_38675,2012,False,False,https://www.airbnb.fr/rooms/arles_000136,detailed_ratings,2024-12-14,19,13,11,7,141
arles_000137,Arles,Authentique appartement proche commerces,43.581471,4.538374,110,4.53,160,4.5,4.51,4.57,4.47,4.85,4.78,4.54,87,quelques heures,90,Logement entier,3,1,1.1,4,Host_90571,2013,True,True,https://www.airbnb.fr/rooms/arles_000137,detailed_ratings,2022-04-01,16,1,11,7,256
arles_000138,Arles,Hébergement entier - Arles quartier historique,43.641463,4.645674,138,4.53,256,4.5,4.48,4.67,4.54,4.64,4.73,4.3,100,quelques heures,85,Logement entier,2,5,2.8,7,Host_60506,2020,True,False,https://www.airbnb.fr/rooms/arles_000138,detailed_ratings,2024-08-14,0,49,52,4,251
arles_000139,Arles,Chambre confortable proche quartier historique Arles,43.593792,4.646324,44,4.64,179,4.6,4.67,4.92,4.83,5.0,4.63,4.64,97,moins de 12 heures,88,Chambre partagée,2,6,2.0,5,Host_61471,2018,False,True,https://www.airbnb.fr/rooms/arles_000139,detailed_ratings,2022-05-27,1,38,30,3,350
arles_000140,Arles,Moderne chambre à Arles,43.756211,4.704585,91,4.47,233,4.5,4.66,4.59,4.55,4.47,4.57,4.11,86,moins de 12 heures,85,Chambre partagée,3,2,1.1,6,Host_76321,2016,False,False,https://www.airbnb.fr/rooms/arles_000140,detailed_ratings,2022-03-09,15,39,47,1,135
arles_000141,Arles,Hébergement entier - Arles proche gare,43.700189,4.56332,122,4.72,262,4.7,4.89,4.76,4.87,4.97,4.64,4.38,100,moins d une heure,97,Logement entier,1,4,2.8,5,Host_61477,2015,True,True,https://www.airbnb.fr/rooms/arles_000141,detailed_ratings,2022-12-09,19,12,45,7,155
arles_000142,Arles,Moderne chambre à Arles,43.645468,4.599763,111,4.42,93,4.4,4.33,4.71,4.62,4.74,4.68,4.21,97,moins de 12 heures,95,Chambre privée,4,4,1.6,5,Host_45355,2012,True,True,https://www.airbnb.fr/rooms/arles_000142,detailed_ratings,2023-10-01,18,40,67,6,290
arles_000143,Arles,Lumineux loft proche commerces,43.756222,4.602701,103,4.43,81,4.4,4.46,4.36,4.56,4.72,4.46,4.34,90,quelques heures,95,Logement entier,3,1,2.8,3,Host_59265,2013,False,True,https://www.airbnb.fr/rooms/arles_000143,detailed_ratings,2024-04-26,6,51,90,7,311
arles_000144,Arles,Moderne chambre à Arles,43.728283,4.660269,140,4.55,146,4.6,4.72,4.51,4.68,4.71,4.63,4.27,92,moins d une heure,89,Chambre privée,4,3,2.8,6,Host_63943,2021,True,False,https://www.airbnb.fr/rooms/arles_000144,detailed_ratings,2024-12-11,0,14,6,3,225
arles_000145,Arles,Maison entier au cœur de Arles,43.578258,4.643685,47,4.44,268,4.4,4.37,4.53,4.29,4.48,4.63,4.33,93,moins d une heure,99,Logement entier,3,1,2.0,5,Host_13935,2019,False,True,https://www.airbnb.fr/rooms/arles_000145,detailed_ratings,2024-01-20,2,45,39,7,306
arles_000146,Arles,Spacieux chambre à Arles,43.581501,4.57052,63,4.69,11,4.7,4.81,4.94,4.66,4.91,4.59,4.4,88,moins de 12 heures,82,Chambre privée,5,6,2.0,5,Host_86423,2019,True,True,https://www.airbnb.fr/rooms/arles_000146,detailed_ratings,2024-01-21,14,54,15,1,228
arles_000147,Arles,Hébergement entier - Arles proche commerces,43.681889,4.542006,80,4.37,100,4.4,4.49,4.55,4.11,4.6,4.67,4.35,89,moins d une heure,94,Logement entier,3,6,1.2,6,Host_6836,2014,False,False,https://www.airbnb.fr/rooms/arles_000147,detailed_ratings,2024-12-04,24,33,46,1,338
arles_000148,Arles,Authentique chambre à Arles,43.753139,4.652965,142,4.6,148,4.6,4.66,4.61,4.73,5.0,4.59,4.38,90,quelques heures,88,Chambre privée,1,4,2.8,7,Host_16966,2012,False,True,https://www.airbnb.fr/rooms/arles_000148,detailed_ratings,2024-07-10,16,38,18,2,64
arles_000149,Arles,Calme chambre à Arles,43.715994,4.605541,130,4.51,239,4.5,4.65,4.56,4.25,4.66,4.48,4.4,90,quelques heures,88,Chambre privée,3,6,1.6,4,Host_61212,2023,False,True,https://www.airbnb.fr/rooms/arles_000149,detailed_ratings,2022-08-14,18,15,57,2,170
arles_000150,Arles,Authentique studio quartier animé,43.704284,4.662096,106,4.4,190,4.4,4.51,4.68,4.53,4.64,4.64,4.37,87,moins d une heure,94,Logement entier,3,6,1.7,2,Host_19733,2015,False,True,https://www.airbnb.fr/rooms/arles_000150,detailed_ratings,2022-11-23,23,20,76,7,148
arles_000151,Arles,Hébergement entier - Arles quartier historique,43.653172,4.668211,143,4.6,59,4.6,4.69,4.67,4.45,4.75,4.65,4.43,99,quelques heures,100,Logement entier,1,2,2.3,7,Host_64483,2022,False,False,https://www.airbnb.fr/rooms/arles_000151,detailed_ratings,2022-02-11,2,46,58,1,272
arles_000152,Arles,Chambre confortable proche zone calme Arles,43.664186,4.706259,47,4.62,278,4.6,4.66,4.65,4.44,4.86,4.82,4.34,94,moins d une heure,81,Chambre privée,1,3,2.4,9,Host_6877,2013,True,True,https://www.airbnb.fr/rooms/arles_000152,detailed_ratings,2022-08-03,10,23,53,2,281
arles_000153,Arles,Chambre confortable proche proche monuments Arles,43.583964,4.549458,112,4.57,69,4.6,4.74,4.64,4.31,4.96,4.71,4.27,99,moins d une heure,93,Chambre privée,1,3,1.3,7,Host_89865,2016,True,True,https://www.airbnb.fr/rooms/arles_000153,detailed_ratings,2024-01-26,6,57,45,7,107
arles_000154,Arles,Hébergement entier - Arles quartier historique,43.680533,4.596502,34,4.35,59,4.4,4.55,4.42,4.08,4.63,4.37,4.02,85,quelques heures,100,Logement entier,3,3,1.1,3,Host_42558,2017,False,True,https://www.airbnb.fr/rooms/arles_000154,detailed_ratings,2022-06-12,22,28,20,5,147
arles_000155,Arles,Cosy appartement à Arles,43.587194,4.621491,100,4.53,161,4.5,4.52,4.55,4.46,4.64,4.54,4.37,95,quelques heures,88,Logement entier,4,1,2.4,8,Host_21356,2012,False,True,https://www.airbnb.fr/rooms/arles_000155,detailed_ratings,2024-03-14,18,6,8,6,335
arles_000156,Arles,Hébergement entier - Arles zone calme,43.735848,4.683214,92,4.69,128,4.7,4.73,4.82,4.78,4.71,4.86,4.48,87,quelques heures,94,Logement entier,4,6,1.1,8,Host_58579,2023,False,True,https://www.airbnb.fr/rooms/arles_000156,detailed_ratings,2024-05-04,30,55,74,6,214
arles_000157,Arles,Chambre confortable proche quartier historique Arles,43.590822,4.573119,43,4.49,231,4.5,4.49,4.57,4.4,4.84,4.48,4.15,93,moins de 12 heures,89,Chambre privée,3,4,1.7,2,Host_90241,2021,False,True,https://www.airbnb.fr/rooms/arles_000157,detailed_ratings,2023-02-27,12,13,87,6,328
arles_000158,Arles,Hébergement entier - Arles proche commerces,43.616206,4.672214,48,4.4,255,4.4,4.39,4.52,4.2,4.53,4.43,4.32,95,moins d une heure,95,Logement entier,2,5,2.2,10,Host_54528,2022,True,True,https://www.airbnb.fr/rooms/arles_000158,detailed_ratings,2024-10-12,21,58,68,6,94
arles_000159,Arles,Magnifique studio centre-ville,43.577888,4.649609,102,4.64,200,4.6,4.78,4.71,4.56,4.77,4.83,4.73,99,moins d une heure,89,Logement entier,2,6,2.9,4,Host_57804,2018,False,True,https://www.airbnb.fr/rooms/arles_000159,detailed_ratings,2022-01-02,24,6,16,1,285
arles_000160,Arles,Maison entier au cœur de Arles,43.632141,4.580988,66,4.55,220,4.6,4.73,4.63,4.65,4.61,4.54,4.32,100,moins d une heure,99,Logement entier,1,4,1.2,4,Host_80739,2023,True,True,https://www.airbnb.fr/rooms/arles_000160,detailed_ratings,2023-09-13,28,17,3,6,142
arles_000161,Arles,Hébergement chez l'habitant - Arles quartier animé,43.647872,4.586552,38,4.48,20,4.5,4.67,4.56,4.33,4.75,4.7,4.55,96,quelques heures,85,Chambre privée,3,6,2.0,3,Host_27344,2012,False,True,https://www.airbnb.fr/rooms/arles_000161,detailed_ratings,2023-11-07,13,28,49,3,225
arles_000162,Arles,Loft entier au cœur de Arles,43.663226,4.648447,90,4.62,276,4.6,4.61,4.59,4.51,4.97,4.57,4.61,89,moins d une heure,97,Logement entier,1,5,1.5,6,Host_30156,2020,False,True,https://www.airbnb.fr/rooms/arles_000162,detailed_ratings,2023-02-26,1,52,90,1,206
arles_000163,Arles,Magnifique chambre à Arles,43.74712,4.621895,70,4.72,111,4.7,4.76,5.0,4.48,5.0,4.73,4.63,98,quelques heures,88,Chambre privée,5,3,2.4,6,Host_97888,2019,True,True,https://www.airbnb.fr/rooms/arles_000163,detailed_ratings,2023-06-13,27,17,22,1,217
arles_000164,Arles,Hébergement chez l'habitant - Arles zone calme,43.596901,4.586401,137,4.43,171,4.4,4.48,4.69,4.26,4.54,4.63,4.22,92,quelques heures,100,Chambre privée,5,6,1.5,5,Host_27869,2014,False,True,https://www.airbnb.fr/rooms/arles_000164,detailed_ratings,2022-03-04,4,0,0,5,327
arles_000165,Arles,Cosy chambre à Arles,43.615457,4.540039,63,4.64,16,4.6,4.55,4.83,4.57,4.91,4.6,4.4,86,moins de 12 heures,89,Chambre privée,2,6,2.5,10,Host_94419,2018,False,True,https://www.airbnb.fr/rooms/arles_000165,detailed_ratings,2023-03-20,29,56,14,2,97
arles_000166,Arles,Superbe pied-à-terre quartier historique,43.693407,4.680251,34,4.5,117,4.5,4.53,4.69,4.39,4.78,4.55,4.23,100,moins d une heure,88,Logement entier,5,5,2.0,3,Host_30205,2017,True,True,https://www.airbnb.fr/rooms/arles_000166,detailed_ratings,2023-09-22,1,58,53,7,308
arles_000167,Arles,Chambre confortable proche zone calme Arles,43.654501,4.631444,123,4.47,207,4.5,4.53,4.76,4.33,4.5,4.74,4.34,91,moins d une heure,92,Chambre privée,1,3,2.4,6,Host_51888,2021,False,True,https://www.airbnb.fr/rooms/arles_000167,detailed_ratings,2024-09-05,5,47,69,5,190
arles_000168,Arles,Hébergement chez l'habitant - Arles centre-ville,43.756479,4.719811,88,4.59,237,4.6,4.78,4.49,4.7,4.7,4.81,4.5,85,moins d une heure,98,Chambre privée,4,2,2.3,3,Host_82522,2023,False,True,https://www.airbnb.fr/rooms/arles_000168,detailed_ratings,2024-05-12,20,56,46,1,83
arles_000169,Arles,Appartement entier au cœur de Arles,43.772645,4.57737,119,4.37,66,4.4,4.5,4.52,4.24,4.71,4.56,4.2,98,moins de 12 heures,89,Logement entier,5,1,1.6,7,Host_74544,2016,True,False,https://www.airbnb.fr/rooms/arles_000169,detailed_ratings,2023-05-01,29,29,54,5,210
arles_000170,Arles,Cosy studio proche monuments,43.698993,4.68592,108,4.46,233,4.5,4.42,4.46,4.18,4.76,4.37,4.17,88,moins d une heure,91,Logement entier,5,5,2.1,10,Host_69592,2015,False,True,https://www.airbnb.fr/rooms/arles_000170,detailed_ratings,2022-12-02,16,0,71,7,189
arles_000171,Arles,Loft entier au cœur de Arles,43.636197,4.599874,123,4.37,57,4.4,4.35,4.42,4.09,4.4,4.53,4.39,88,moins d une heure,84,Logement entier,4,3,2.6,10,Host_60006,2017,True,True,https://www.airbnb.fr/rooms/arles_000171,detailed_ratings,2024-12-16,5,51,8,4,107
arles_000172,Arles,Hébergement entier - Arles proche gare,43.643432,4.672247,68,4.6,160,4.6,4.56,4.71,4.42,4.74,4.7,4.49,89,quelques heures,91,Logement entier,2,5,1.8,7,Host_66088,2015,False,False,https://www.airbnb.fr/rooms/arles_000172,detailed_ratings,2023-02-15,15,6,51,5,338
arles_000173,Arles,Hébergement entier - Arles centre-ville,43.767695,4.631255,138,4.63,254,4.6,4.58,4.62,4.48,4.87,4.76,4.5,88,moins d une heure,83,Logement entier,2,5,1.4,5,Host_40748,2020,True,True,https://www.airbnb.fr/rooms/arles_000173,detailed_ratings,2023-08-05,17,25,6,6,43
arles_000174,Arles,Hébergement entier - Arles quartier historique,43.712217,4.630228,103,4.55,283,4.6,4.52,4.64,4.64,4.66,4.72,4.25,93,moins de 12 heures,89,Logement entier,4,3,2.6,9,Host_17076,2019,False,True,https://www.airbnb.fr/rooms/arles_000174,detailed_ratings,2024-02-19,12,59,60,3,170
arles_000175,Arles,Hébergement chez l'habitant - Arles quartier animé,43.578333,4.680597,143,4.43,242,4.4,4.45,4.69,4.26,4.69,4.47,4.35,91,moins de 12 heures,80,Chambre privée,3,5,2.4,7,Host_92112,2014,True,True,https://www.airbnb.fr/rooms/arles_000175,detailed_ratings,2022-11-17,27,16,40,2,291
arles_000176,Arles,Magnifique duplex quartier historique,43.681431,4.58435,61,4.67,216,4.7,4.8,4.71,4.63,4.73,4.74,4.45,97,moins d une heure,94,Logement entier,4,4,2.3,7,Host_47034,2013,False,True,https://www.airbnb.fr/rooms/arles_000176,detailed_ratings,2023-11-15,1,8,35,7,281
arles_000177,Arles,Maison entier au cœur de Arles,43.579653,4.564666,52,4.57,270,4.6,4.61,4.69,4.58,4.88,4.67,4.23,98,quelques heures,96,Logement entier,5,4,1.6,5,Host_56482,2023,True,True,https://www.airbnb.fr/rooms/arles_000177,detailed_ratings,2024-03-10,20,6,64,6,356
arles_000178,Arles,Loft entier au cœur de Arles,43.617661,4.691051,105,4.51,67,4.5,4.53,4.42,4.33,4.68,4.45,4.26,100,moins d une heure,91,Logement entier,5,6,3.0,2,Host_31068,2014,False,False,https://www.airbnb.fr/rooms/arles_000178,detailed_ratings,2022-04-21,11,24,22,3,212
arles_000179,Arles,Charmant loft proche commerces,43.591988,4.572446,78,4.69,66,4.7,4.88,4.7,4.75,5.0,4.61,4.5,87,moins de 12 heures,92,Logement entier,3,5,1.6,10,Host_49571,2013,False,True,https://www.airbnb.fr/rooms/arles_000179,detailed_ratings,2024-07-01,24,32,72,3,77
arles_000180,Arles,Typique maison quartier historique,43.752496,4.639646,109,4.61,37,4.6,4.75,4.61,4.78,4.64,4.75,4.33,95,quelques heures,81,Logement entier,4,1,1.2,10,Host_65448,2016,False,True,https://www.airbnb.fr/rooms/arles_000180,detailed_ratings,2023-07-28,9,38,50,1,340
arles_000181,Arles,Cosy chambre à Arles,43.770187,4.557819,83,4.35,153,4.4,4.29,4.39,4.16,4.5,4.53,4.07,87,moins d une heure,95,Chambre partagée,4,2,2.3,5,Host_52476,2015,True,True,https://www.airbnb.fr/rooms/arles_000181,detailed_ratings,2024-09-20,12,5,39,3,166
arles_000182,Arles,Chambre confortable proche centre-ville Arles,43.634229,4.658111,120,4.65,295,4.7,4.63,4.82,4.68,5.0,4.86,4.52,97,moins d une heure,96,Chambre privée,3,2,2.3,7,Host_4484,2021,False,True,https://www.airbnb.fr/rooms/arles_000182,detailed_ratings,2024-04-26,22,35,15,6,67
arles_000183,Arles,Authentique maison à Arles,43.646582,4.673373,75,4.7,102,4.7,4.69,4.83,4.79,5.0,4.89,4.57,89,moins d une heure,85,Logement entier,5,6,1.5,10,Host_55471,2021,True,True,https://www.airbnb.fr/rooms/arles_000183,detailed_ratings,2022-01-12,12,23,42,4,87
arles_000184,Arles,Authentique chambre à Arles,43.765697,4.647985,111,4.47,184,4.5,4.47,4.57,4.42,4.66,4.42,4.32,98,moins de 12 heures,86,Chambre privée,1,1,2.8,6,Host_86261,2021,False,True,https://www.airbnb.fr/rooms/arles_000184,detailed_ratings,2022-07-24,3,3,83,4,272
arles_000185,Arles,Moderne pied-à-terre proche monuments,43.74148,4.692943,112,4.72,167,4.7,4.86,4.81,4.65,5.0,4.9,4.65,96,quelques heures,86,Logement entier,1,4,2.4,4,Host_81240,2018,False,True,https://www.airbnb.fr/rooms/arles_000185,detailed_ratings,2023-01-13,11,56,30,2,211
arles_000186,Arles,Hébergement chez l'habitant - Arles proche monuments,43.713692,4.717445,33,4.47,2,4.5,4.44,4.45,4.57,4.66,4.52,4.52,96,moins d une heure,83,Chambre partagée,1,1,2.3,3,Host_60554,2020,False,True,https://www.airbnb.fr/rooms/arles_000186,detailed_ratings,2023-01-06,21,41,10,5,61
arles_000187,Arles,Superbe duplex à Arles,43.619153,4.6642,147,4.41,88,4.4,4.59,4.61,4.3,4.55,4.68,4.26,86,moins de 12 heures,96,Logement entier,2,6,2.7,6,Host_88440,2015,True,True,https://www.airbnb.fr/rooms/arles_000187,detailed_ratings,2024-03-26,3,6,52,2,286
arles_000188,Arles,Hébergement entier - Arles quartier animé,43.706803,4.570668,124,4.36,66,4.4,4.28,4.37,4.22,4.54,4.35,4.29,91,quelques heures,100,Logement entier,2,5,1.8,7,Host_69320,2016,False,True,https://www.airbnb.fr/rooms/arles_000188,detailed_ratings,2022-01-28,20,36,33,5,142
arles_000189,Arles,Chambre confortable proche zone calme Arles,43.72122,4.648482,82,4.54,162,4.5,4.57,4.6,4.42,4.82,4.6,4.6,90,moins d une heure,83,Chambre privée,5,1,2.7,2,Host_31176,2016,False,True,https://www.airbnb.fr/rooms/arles_000189,detailed_ratings,2023-10-03,28,30,2,5,138
arles_000190,Arles,Magnifique loft quartier animé,43.591021,4.701655,147,4.36,175,4.4,4.51,4.49,4.56,4.75,4.55,4.34,96,quelques heures,96,Logement entier,5,4,1.0,2,Host_27478,2015,True,True,https://www.airbnb.fr/rooms/arles_000190,detailed_ratings,2024-12-01,6,56,73,2,96
arles_000191,Arles,Hébergement entier - Arles centre-ville,43.631058,4.675719,86,4.64,232,4.6,4.6,4.78,4.79,4.65,4.91,4.57,88,quelques heures,85,Logement entier,2,2,1.8,4,Host_24143,2014,True,False,https://www.airbnb.fr/rooms/arles_000191,detailed_ratings,2022-07-26,9,23,11,1,39
arles_000192,Arles,Loft entier au cœur de Arles,43.708473,4.653322,115,4.39,226,4.4,4.46,4.57,4.57,4.78,4.57,4.23,96,moins de 12 heures,89,Logement entier,2,2,1.3,10,Host_47424,2019,False,False,https://www.airbnb.fr/rooms/arles_000192,detailed_ratings,2022-07-17,13,59,18,6,229
arles_000193,Arles,Lumineux appartement à Arles,43.76331,4.56432,81,4.71,227,4.7,4.62,4.73,4.69,4.73,4.71,4.6,92,quelques heures,87,Logement entier,2,5,2.0,4,Host_90347,2012,False,True,https://www.airbnb.fr/rooms/arles_000193,detailed_ratings,2024-06-04,17,46,61,4,47
arles_000194,Arles,Cosy maison à Arles,43.66729,4.654816,67,4.61,235,4.6,4.57,4.76,4.37,4.8,4.7,4.66,91,moins de 12 heures,85,Logement entier,3,2,1.2,8,Host_7290,2022,False,True,https://www.airbnb.fr/rooms/arles_000194,detailed_ratings,2022-11-09,28,47,44,2,207
arles_000195,Arles,Chambre confortable proche zone calme Arles,43.714726,4.717659,44,4.64,196,4.6,4.77,4.62,4.75,4.88,4.68,4.35,90,moins d une heure,85,Chambre privée,5,1,1.1,10,Host_61429,2019,False,True,https://www.airbnb.fr/rooms/arles_000195,detailed_ratings,2022-07-21,27,54,67,2,318
arles_000196,Arles,Superbe pied-à-terre proche commerces,43.652632,4.533609,124,4.74,105,4.7,4.82,4.86,4.59,5.0,4.73,4.77,93,moins d une heure,92,Logement entier,1,4,2.1,6,Host_23383,2021,True,False,https://www.airbnb.fr/rooms/arles_000196,detailed_ratings,2023-01-15,12,49,63,4,119
arles_000197,Arles,Studio entier au cœur de Arles,43.765496,4.627886,108,4.58,293,4.6,4.74,4.5,4.6,4.67,4.55,4.36,94,moins de 12 heures,91,Logement entier,2,5,2.9,8,Host_70445,2017,False,True,https://www.airbnb.fr/rooms/arles_000197,detailed_ratings,2024-05-08,12,44,42,2,52
arles_000198,Arles,Hébergement entier - Arles zone calme,43.728552,4.61381,69,4.57,54,4.6,4.59,4.8,4.3,4.76,4.51,4.41,94,moins d une heure,83,Logement entier,5,5,1.3,4,Host_3419,2018,True,True,https://www.airbnb.fr/rooms/arles_000198,detailed_ratings,2024-08-23,4,38,5,6,236
arles_000199,Arles,Chambre confortable proche proche monuments Arles,43.661628,4.645037,78,4.62,57,4.6,4.69,4.87,4.47,4.97,4.59,4.26,94,quelques heures,92,Chambre privée,2,3,1.7,3,Host_89533,2019,False,True,https://www.airbnb.fr/rooms/arles_000199,detailed_ratings,2022-03-21,27,2,50,7,188
arles_000200,Arles,Hébergement chez l'habitant - Arles quartier historique,43.582629,4.578029,148,4.74,32,4.7,4.68,4.7,4.87,4.94,5.0,4.81,90,moins de 12 heures,93,Chambre privée,4,5,2.6,5,Host_25150,2014,False,True,https://www.airbnb.fr/rooms/arles_000200,detailed_ratings,2022-10-19,7,36,42,7,130
